{
  "centre": [{
    "y": 13.042689780383594,
    "x": 77.70423889160158,
    "id": "ABCD-FECS-23FD"
  }],
  "radius": 0.1
}
